id,title,company,year,region,axis,K,D,F,T,V,CEO,MGR,STU,INV,risk,decision,pair
C01,버려질 뻔한 회사가 AI 반도체의 주인공이 되다,SK하이닉스,2002~2024,한국,A,5,4,5,5,4,5,3,4,5,0,2002년 마이크론 매각안 이사회 부결 / 2012년 SK의 인수 / 적자 속 HBM 투자 지속,C07
C02,도쿄 선언 - 모두가 말린 반도체,삼성전자,1983,한국,A,5,5,5,4,4,5,3,5,4,0,이병철 회장의 반도체 사업 진출 선언 (64K D램),C29
C03,우지파동에서 불닭까지,삼양식품,1989~2024,한국,B,5,4,5,5,4,4,4,4,5,0,우지파동으로 1위를 잃은 뒤 무죄 판결까지 8년 / 2012년 불닭볶음면 출시와 해외 확장,C18
C04,초콜릿폰의 영광과 스마트폰 철수,LG전자,2007~2021,한국,C,5,4,4,4,3,5,4,4,3,0,스마트폰 전환 시점 판단 / 2021년 휴대폰 사업 철수 결정,C16
C05,마누라와 자식 빼고 다 바꿔라,삼성전자,1993~1995,한국,D,5,5,4,4,4,5,5,4,2,0,프랑크푸르트 신경영 선언 / 구미 애니콜 화형식,C23
C06,5천만 달러짜리 거절,넷플릭스 vs 블록버스터,2000,글로벌,A,5,5,5,4,4,5,3,5,4,0,블록버스터가 넷플릭스 인수 제안을 거절,C15
C07,메모리를 버린 인텔 아이폰을 놓친 인텔,인텔,1985~2006,글로벌,A,4,5,5,4,5,5,3,4,5,0,1985년 메모리 사업 철수 / 2006년 무렵 아이폰 칩 공급 거절,C01
C08,아무도 쓰지 않던 CUDA,엔비디아,2006~2023,글로벌,A,5,4,5,4,4,5,2,4,5,0,게임용 GPU 회사가 범용 컴퓨팅 플랫폼(CUDA)에 장기 투자,C29
C09,포니와 10년 10만 마일,현대자동차,1975~1999,한국,C,4,5,5,4,4,5,4,4,3,0,조립생산 대신 독자 모델 개발 / 미국 품질 추락 후 파격 보증,C31
C10,거북선 지폐 한 장으로 배를 팔다,현대중공업(HD현대),1971,한국,A,5,5,5,4,3,4,3,5,2,0,조선소도 없이 차관을 얻고 선박을 수주,C21
C11,적자를 감수한 로켓배송,쿠팡,2014~2021,한국,A,5,4,4,3,4,5,3,4,4,-5,직매입·자체 물류 전환과 장기 적자 감수 / 뉴욕증시 상장,C08
C12,지식iN의 역습,네이버 vs 다음,2002,한국,C,5,4,4,4,4,4,4,5,3,0,후발주자 네이버가 이용자 참여형 검색으로 1위 역전,C14
C13,공짜 메신저로 국민 앱이 되다,카카오,2010~2012,한국,A,5,4,5,3,4,4,3,5,3,0,스마트폰 전환기에 무료 메신저로 전력 투구 / 게임하기로 수익화,C12
C14,도토리는 왜 멈췄나,싸이월드,1999~2015,한국,C,5,3,4,3,3,4,4,5,2,0,모바일·개방형 전환 대응 실패,C16
C15,디지털카메라를 발명하고도 무너진 회사,코닥 (vs 후지필름),1975~2012,글로벌,C,4,4,5,5,4,5,4,5,3,0,필름 사업을 지키려던 선택 / 후지필름은 사업 다각화로 생존,C04
C16,휴대폰 제국의 몰락,노키아,2007~2013,글로벌,C,5,4,5,3,4,5,4,4,3,0,스마트폰 운영체제 전략 실패 / 마이크로소프트에 휴대폰 사업 매각,C04
C17,유통 공룡이 한국에서 짐을 싼 이유,월마트·까르푸 vs 이마트,1996~2006,한국,C,4,3,4,4,4,4,4,5,2,0,글로벌 표준 매장 방식 고수 vs 한국형 할인점,C28
C18,지하 150m 천연암반수,하이트 (조선맥주 vs OB),1993~1996,한국,C,4,4,4,4,3,3,4,4,2,0,만년 2위가 제품·마케팅 재정의로 1위 역전,C03
C19,갤럭시노트7을 멈춘 결정,삼성전자,2016,한국,B,5,5,3,3,4,4,5,4,4,0,발화 사고 후 전량 리콜과 단종 / 원인 규명 발표,C23
C20,세계경영의 끝,대우그룹,1997~1999,한국,B,4,3,5,3,4,5,3,4,3,-5,차입 기반 확장과 외환위기 속 그룹 해체,C31
C21,쇳물을 쏟기까지,포스코,1968~1973,한국,A,4,4,4,3,4,4,4,4,2,0,자원도 기술도 없던 나라의 일관제철소 건설,C10
C22,망하기 직전의 애플과 경쟁자의 돈,애플,1997,글로벌,B,5,4,5,4,5,5,3,5,4,0,잡스 복귀 / 제품 라인 대폭 축소 / 마이크로소프트 투자 유치,C06
C23,타이레놀 독극물 사건,존슨앤드존슨,1982,글로벌,B,3,5,4,3,5,5,5,4,2,0,전국 회수와 정보 공개 / 변조 방지 포장 도입,C19
C24,버핏의 가장 비싼 실수,버크셔 해서웨이,1962~1985,글로벌,E,4,4,4,5,5,4,2,4,5,0,감정적으로 인수한 섬유회사를 투자회사로 전환,C26
C25,화투 회사가 게임의 왕이 되기까지,닌텐도,1889~2006,글로벌,C,5,4,4,5,4,4,3,5,3,0,화투에서 장난감·게임으로 업종 전환 / 위(Wii)로 고사양 경쟁 이탈,C15
C26,446억 달러를 거절한 야후,야후,2008,글로벌,A,4,5,5,4,4,5,2,4,4,0,마이크로소프트의 인수 제안 거절,C06
C27,8조 원 기술수출과 공시 사태,한미약품,2015~2016,한국,E,3,3,3,4,4,3,3,2,5,-5,대규모 기술수출 / 계약 해지 공시 지연 논란,C24
C28,초코파이는 어떻게 국경을 넘었나,오리온,1993~2010s,한국,C,4,3,3,4,4,3,4,4,3,0,중국·러시아 시장 현지화 전략,C17
C29,남의 칩만 만들어 주겠다,TSMC,1987~2020s,글로벌,A,4,5,5,4,4,5,2,4,5,0,자체 설계 없이 위탁생산만 하는 파운드리 모델,C02
C30,HBM에서 뒤처진 1등,삼성전자,2019~2024,한국,D,4,3,4,3,2,4,4,3,5,-10,HBM 경쟁 초기 판단 (진행 중인 사안),C01
C31,부도난 기아를 살린 디자인,기아,1997~2010s,한국,B,4,4,5,4,4,4,4,4,4,0,부도 후 현대 편입 / 피터 슈라이어 영입과 디자인 경영,C09
C32,4조 원에 팔린 배달의민족,우아한형제들,2019,한국,A,5,4,3,3,4,4,2,4,3,0,독일 딜리버리히어로에 매각 결정,C13
